staffs_id,first_name,last_name,email,phone_number,thumbnail_url,profile_image_url,restaurants_id
1,Alejandro,Fernández Gómez,alejandro.fernandez@gmail.com,611223311,https://raw.githubusercontent.com/carlosmaroto-daweb/dashboard_goiko/main/bd/img/staffs/thumbnail/staffs_1.jpg,https://raw.githubusercontent.com/carlosmaroto-daweb/dashboard_goiko/main/bd/img/staffs/image/staffs_1.jpg,1
2,María,Gutiérrez Rodríguez,maria.gutierrez@gmail.com,611223312,https://raw.githubusercontent.com/carlosmaroto-daweb/dashboard_goiko/main/bd/img/staffs/thumbnail/staffs_2.jpg,https://raw.githubusercontent.com/carlosmaroto-daweb/dashboard_goiko/main/bd/img/staffs/image/staffs_2.jpg,1
3,Laura,Martínez López,laura.martinez@gmail.com,611223313,https://raw.githubusercontent.com/carlosmaroto-daweb/dashboard_goiko/main/bd/img/staffs/thumbnail/staffs_3.jpg,https://raw.githubusercontent.com/carlosmaroto-daweb/dashboard_goiko/main/bd/img/staffs/image/staffs_3.jpg,1
4,Javier,Ruiz García,javier.ruiz@gmail.com,611223314,https://raw.githubusercontent.com/carlosmaroto-daweb/dashboard_goiko/main/bd/img/staffs/thumbnail/staffs_4.jpg,https://raw.githubusercontent.com/carlosmaroto-daweb/dashboard_goiko/main/bd/img/staffs/image/staffs_4.jpg,1
5,Carlos,García Pérez,carlos.garcia@gmail.com,611223315,https://raw.githubusercontent.com/carlosmaroto-daweb/dashboard_goiko/main/bd/img/staffs/thumbnail/staffs_5.jpg,https://raw.githubusercontent.com/carlosmaroto-daweb/dashboard_goiko/main/bd/img/staffs/image/staffs_5.jpg,1
6,Antonio,Díaz Jiménez,antonio.diaz@gmail.com,611223316,https://raw.githubusercontent.com/carlosmaroto-daweb/dashboard_goiko/main/bd/img/staffs/thumbnail/staffs_6.jpg,https://raw.githubusercontent.com/carlosmaroto-daweb/dashboard_goiko/main/bd/img/staffs/image/staffs_6.jpg,1
7,David,Sánchez Vázquez,david.sanchez@gmail.com,611223317,https://raw.githubusercontent.com/carlosmaroto-daweb/dashboard_goiko/main/bd/img/staffs/thumbnail/staffs_7.jpg,https://raw.githubusercontent.com/carlosmaroto-daweb/dashboard_goiko/main/bd/img/staffs/image/staffs_7.jpg,1
8,Adrián,López Romero,adrian.lopez@gmail.com,611223318,https://raw.githubusercontent.com/carlosmaroto-daweb/dashboard_goiko/main/bd/img/staffs/thumbnail/staffs_8.jpg,https://raw.githubusercontent.com/carlosmaroto-daweb/dashboard_goiko/main/bd/img/staffs/image/staffs_8.jpg,1
9,Miguel,Pérez Martín,miguel.perez@gmail.com,611223319,https://raw.githubusercontent.com/carlosmaroto-daweb/dashboard_goiko/main/bd/img/staffs/thumbnail/staffs_9.jpg,https://raw.githubusercontent.com/carlosmaroto-daweb/dashboard_goiko/main/bd/img/staffs/image/staffs_9.jpg,1
10,Ana,Rodríguez Sánchez,ana.rodriguez@gmail.com,611223320,https://raw.githubusercontent.com/carlosmaroto-daweb/dashboard_goiko/main/bd/img/staffs/thumbnail/staffs_10.jpg,https://raw.githubusercontent.com/carlosmaroto-daweb/dashboard_goiko/main/bd/img/staffs/image/staffs_10.jpg,2
11,Sara,Martín Ruiz,sara.martin@gmail.com,611223321,https://raw.githubusercontent.com/carlosmaroto-daweb/dashboard_goiko/main/bd/img/staffs/thumbnail/staffs_11.jpg,https://raw.githubusercontent.com/carlosmaroto-daweb/dashboard_goiko/main/bd/img/staffs/image/staffs_11.jpg,2
12,Pablo,Jiménez García,pablo.jimenez@gmail.com,611223322,https://raw.githubusercontent.com/carlosmaroto-daweb/dashboard_goiko/main/bd/img/staffs/thumbnail/staffs_12.jpg,https://raw.githubusercontent.com/carlosmaroto-daweb/dashboard_goiko/main/bd/img/staffs/image/staffs_12.jpg,2
13,Rubén,Hernández López,ruben.hernandez@gmail.com,611223323,https://raw.githubusercontent.com/carlosmaroto-daweb/dashboard_goiko/main/bd/img/staffs/thumbnail/staffs_13.jpg,https://raw.githubusercontent.com/carlosmaroto-daweb/dashboard_goiko/main/bd/img/staffs/image/staffs_13.jpg,2
14,Jesús,Romero Sánchez,jesus.romero@gmail.com,611223324,https://raw.githubusercontent.com/carlosmaroto-daweb/dashboard_goiko/main/bd/img/staffs/thumbnail/staffs_14.jpg,https://raw.githubusercontent.com/carlosmaroto-daweb/dashboard_goiko/main/bd/img/staffs/image/staffs_14.jpg,2
15,Elena,Gómez Hernández,elena.gomez@gmail.com,611223325,https://raw.githubusercontent.com/carlosmaroto-daweb/dashboard_goiko/main/bd/img/staffs/thumbnail/staffs_15.jpg,https://raw.githubusercontent.com/carlosmaroto-daweb/dashboard_goiko/main/bd/img/staffs/image/staffs_15.jpg,2
16,Lucía,Rojas Martínez,lucia.rojas@gmail.com,611223326,https://raw.githubusercontent.com/carlosmaroto-daweb/dashboard_goiko/main/bd/img/staffs/thumbnail/staffs_16.jpg,https://raw.githubusercontent.com/carlosmaroto-daweb/dashboard_goiko/main/bd/img/staffs/image/staffs_16.jpg,2
17,Angela,Serrano Vargas,angela.serrano@gmail.com,611223327,https://raw.githubusercontent.com/carlosmaroto-daweb/dashboard_goiko/main/bd/img/staffs/thumbnail/staffs_17.jpg,https://raw.githubusercontent.com/carlosmaroto-daweb/dashboard_goiko/main/bd/img/staffs/image/staffs_17.jpg,2
18,Silvia,Ortega Gallardo,silvia.ortega@gmail.com,611223328,https://raw.githubusercontent.com/carlosmaroto-daweb/dashboard_goiko/main/bd/img/staffs/thumbnail/staffs_18.jpg,https://raw.githubusercontent.com/carlosmaroto-daweb/dashboard_goiko/main/bd/img/staffs/image/staffs_18.jpg,3
19,Víctor,Molina Moreno,victor.molina@gmail.com,611223329,https://raw.githubusercontent.com/carlosmaroto-daweb/dashboard_goiko/main/bd/img/staffs/thumbnail/staffs_19.jpg,https://raw.githubusercontent.com/carlosmaroto-daweb/dashboard_goiko/main/bd/img/staffs/image/staffs_19.jpg,3
20,Raul,Fuentes Prieto,raul.fuentes@gmail.com,611223330,https://raw.githubusercontent.com/carlosmaroto-daweb/dashboard_goiko/main/bd/img/staffs/thumbnail/staffs_20.jpg,https://raw.githubusercontent.com/carlosmaroto-daweb/dashboard_goiko/main/bd/img/staffs/image/staffs_20.jpg,3
21,Carmen,Santos Vega,carmen.santos@gmail.com,611223331,https://raw.githubusercontent.com/carlosmaroto-daweb/dashboard_goiko/main/bd/img/staffs/thumbnail/staffs_21.jpg,https://raw.githubusercontent.com/carlosmaroto-daweb/dashboard_goiko/main/bd/img/staffs/image/staffs_21.jpg,3
22,Beatriz,Vega Mendoza,beatriz.vega@gmail.com,611223332,https://raw.githubusercontent.com/carlosmaroto-daweb/dashboard_goiko/main/bd/img/staffs/thumbnail/staffs_22.jpg,https://raw.githubusercontent.com/carlosmaroto-daweb/dashboard_goiko/main/bd/img/staffs/image/staffs_22.jpg,3
23,Cristina,Gallego Serrano,critina.gallego@gmail.com,611223333,https://raw.githubusercontent.com/carlosmaroto-daweb/dashboard_goiko/main/bd/img/staffs/thumbnail/staffs_23.jpg,https://raw.githubusercontent.com/carlosmaroto-daweb/dashboard_goiko/main/bd/img/staffs/image/staffs_23.jpg,3
24,Paula,Prieto Vargas,paula.prieto@gmail.com,611223334,https://raw.githubusercontent.com/carlosmaroto-daweb/dashboard_goiko/main/bd/img/staffs/thumbnail/staffs_24.jpg,https://raw.githubusercontent.com/carlosmaroto-daweb/dashboard_goiko/main/bd/img/staffs/image/staffs_24.jpg,4
25,Antonio,Iglesias Gallardo,antonio.iglesias@gmail.com,611223335,https://raw.githubusercontent.com/carlosmaroto-daweb/dashboard_goiko/main/bd/img/staffs/thumbnail/staffs_25.jpg,https://raw.githubusercontent.com/carlosmaroto-daweb/dashboard_goiko/main/bd/img/staffs/image/staffs_25.jpg,4
26,Lourdes,Mendoza Vargas,lourdes.mendoza@gmail.com,611223336,https://raw.githubusercontent.com/carlosmaroto-daweb/dashboard_goiko/main/bd/img/staffs/thumbnail/staffs_26.jpg,https://raw.githubusercontent.com/carlosmaroto-daweb/dashboard_goiko/main/bd/img/staffs/image/staffs_26.jpg,4
27,Ricardo,Vargas Gallardo,ricardo.vargas@gmail.com,611223337,https://raw.githubusercontent.com/carlosmaroto-daweb/dashboard_goiko/main/bd/img/staffs/thumbnail/staffs_27.jpg,https://raw.githubusercontent.com/carlosmaroto-daweb/dashboard_goiko/main/bd/img/staffs/image/staffs_27.jpg,4
28,Clara,Gallardo Vega,clara.gallardo@gmail.com,611223338,https://raw.githubusercontent.com/carlosmaroto-daweb/dashboard_goiko/main/bd/img/staffs/thumbnail/staffs_28.jpg,https://raw.githubusercontent.com/carlosmaroto-daweb/dashboard_goiko/main/bd/img/staffs/image/staffs_28.jpg,4
29,Juan,Moreno Serrano,juan.moreno@gmail.com,611223339,https://raw.githubusercontent.com/carlosmaroto-daweb/dashboard_goiko/main/bd/img/staffs/thumbnail/staffs_29.jpg,https://raw.githubusercontent.com/carlosmaroto-daweb/dashboard_goiko/main/bd/img/staffs/image/staffs_29.jpg,4
30,Isabel,Garrido Martínez,isabel.garrido@gmail.com,611223340,https://raw.githubusercontent.com/carlosmaroto-daweb/dashboard_goiko/main/bd/img/staffs/thumbnail/staffs_30.jpg,https://raw.githubusercontent.com/carlosmaroto-daweb/dashboard_goiko/main/bd/img/staffs/image/staffs_30.jpg,4
31,Sergio,López Martínez,sergio.lopez@gmail.com,611223341,https://raw.githubusercontent.com/carlosmaroto-daweb/dashboard_goiko/main/bd/img/staffs/thumbnail/staffs_31.jpg,https://raw.githubusercontent.com/carlosmaroto-daweb/dashboard_goiko/main/bd/img/staffs/image/staffs_31.jpg,5
32,Laura,Morales Sánchez,laura.morales@gmail.com,611223342,https://raw.githubusercontent.com/carlosmaroto-daweb/dashboard_goiko/main/bd/img/staffs/thumbnail/staffs_32.jpg,https://raw.githubusercontent.com/carlosmaroto-daweb/dashboard_goiko/main/bd/img/staffs/image/staffs_32.jpg,5
33,Marta,Jiménez Vargas,marta.jimenez@gmail.com,611223343,https://raw.githubusercontent.com/carlosmaroto-daweb/dashboard_goiko/main/bd/img/staffs/thumbnail/staffs_33.jpg,https://raw.githubusercontent.com/carlosmaroto-daweb/dashboard_goiko/main/bd/img/staffs/image/staffs_33.jpg,5
34,Diego,Herrera Rodríguez,diego.herrera@gmail.com,611223344,https://raw.githubusercontent.com/carlosmaroto-daweb/dashboard_goiko/main/bd/img/staffs/thumbnail/staffs_34.jpg,https://raw.githubusercontent.com/carlosmaroto-daweb/dashboard_goiko/main/bd/img/staffs/image/staffs_34.jpg,5
35,Alejandro,Navarro López,alejandro.navarro@gmail.com,611223345,https://raw.githubusercontent.com/carlosmaroto-daweb/dashboard_goiko/main/bd/img/staffs/thumbnail/staffs_35.jpg,https://raw.githubusercontent.com/carlosmaroto-daweb/dashboard_goiko/main/bd/img/staffs/image/staffs_35.jpg,5
36,Francisco,González Martínez,francisco.gonzalez@gmail.com,611223346,https://raw.githubusercontent.com/carlosmaroto-daweb/dashboard_goiko/main/bd/img/staffs/thumbnail/staffs_36.jpg,https://raw.githubusercontent.com/carlosmaroto-daweb/dashboard_goiko/main/bd/img/staffs/image/staffs_36.jpg,5
37,Juan,Serrano Vega,juan.serrano@gmail.com,611223347,https://raw.githubusercontent.com/carlosmaroto-daweb/dashboard_goiko/main/bd/img/staffs/thumbnail/staffs_37.jpg,https://raw.githubusercontent.com/carlosmaroto-daweb/dashboard_goiko/main/bd/img/staffs/image/staffs_37.jpg,5
38,Guillermo,Ruiz Sánchez,guillermo.ruiz@gmail.com,611223348,https://raw.githubusercontent.com/carlosmaroto-daweb/dashboard_goiko/main/bd/img/staffs/thumbnail/staffs_38.jpg,https://raw.githubusercontent.com/carlosmaroto-daweb/dashboard_goiko/main/bd/img/staffs/image/staffs_38.jpg,5
39,Claudia,Ramírez Ruiz,claudia.ramirez@gmail.com,611223349,https://raw.githubusercontent.com/carlosmaroto-daweb/dashboard_goiko/main/bd/img/staffs/thumbnail/staffs_39.jpg,https://raw.githubusercontent.com/carlosmaroto-daweb/dashboard_goiko/main/bd/img/staffs/image/staffs_39.jpg,6
40,Alex,Vázquez Martínez,alex.vazquez@gmail.com,611223350,https://raw.githubusercontent.com/carlosmaroto-daweb/dashboard_goiko/main/bd/img/staffs/thumbnail/staffs_40.jpg,https://raw.githubusercontent.com/carlosmaroto-daweb/dashboard_goiko/main/bd/img/staffs/image/staffs_40.jpg,6
41,Marcos,Pérez Serrano,marcos.perez@gmail.com,611223351,https://raw.githubusercontent.com/carlosmaroto-daweb/dashboard_goiko/main/bd/img/staffs/thumbnail/staffs_41.jpg,https://raw.githubusercontent.com/carlosmaroto-daweb/dashboard_goiko/main/bd/img/staffs/image/staffs_41.jpg,6
42,Laura,Gómez Vargas,laura.gomez@gmail.com,611223352,https://raw.githubusercontent.com/carlosmaroto-daweb/dashboard_goiko/main/bd/img/staffs/thumbnail/staffs_42.jpg,https://raw.githubusercontent.com/carlosmaroto-daweb/dashboard_goiko/main/bd/img/staffs/image/staffs_42.jpg,6
43,José,Sánchez Martínez,jose.sanchez@gmail.com,611223353,https://raw.githubusercontent.com/carlosmaroto-daweb/dashboard_goiko/main/bd/img/staffs/thumbnail/staffs_43.jpg,https://raw.githubusercontent.com/carlosmaroto-daweb/dashboard_goiko/main/bd/img/staffs/image/staffs_43.jpg,6
44,Isabel,Martín Rodríguez,isabel.martin@gmail.com,611223354,https://raw.githubusercontent.com/carlosmaroto-daweb/dashboard_goiko/main/bd/img/staffs/thumbnail/staffs_44.jpg,https://raw.githubusercontent.com/carlosmaroto-daweb/dashboard_goiko/main/bd/img/staffs/image/staffs_44.jpg,6
45,Lucía,González Vázquez,lucia.gonzalez@gmail.com,611223355,https://raw.githubusercontent.com/carlosmaroto-daweb/dashboard_goiko/main/bd/img/staffs/thumbnail/staffs_45.jpg,https://raw.githubusercontent.com/carlosmaroto-daweb/dashboard_goiko/main/bd/img/staffs/image/staffs_45.jpg,6
46,Paula,García Serrano,paula.garcia@gmail.com,611223356,https://raw.githubusercontent.com/carlosmaroto-daweb/dashboard_goiko/main/bd/img/staffs/thumbnail/staffs_46.jpg,https://raw.githubusercontent.com/carlosmaroto-daweb/dashboard_goiko/main/bd/img/staffs/image/staffs_46.jpg,7
47,Ana,Ramírez Martínez,ana.ramirez@gmail.com,611223357,https://raw.githubusercontent.com/carlosmaroto-daweb/dashboard_goiko/main/bd/img/staffs/thumbnail/staffs_47.jpg,https://raw.githubusercontent.com/carlosmaroto-daweb/dashboard_goiko/main/bd/img/staffs/image/staffs_47.jpg,7
48,Francisco,Rodríguez López,francisco.rodriguez@gmail.com,611223358,https://raw.githubusercontent.com/carlosmaroto-daweb/dashboard_goiko/main/bd/img/staffs/thumbnail/staffs_48.jpg,https://raw.githubusercontent.com/carlosmaroto-daweb/dashboard_goiko/main/bd/img/staffs/image/staffs_48.jpg,7
49,Miguel,Díaz Vargas,miguel.diaz@gmail.com,611223359,https://raw.githubusercontent.com/carlosmaroto-daweb/dashboard_goiko/main/bd/img/staffs/thumbnail/staffs_49.jpg,https://raw.githubusercontent.com/carlosmaroto-daweb/dashboard_goiko/main/bd/img/staffs/image/staffs_49.jpg,7
50,Carmen,Serrano Ruiz,carmen.serrano@gmail.com,611223360,https://raw.githubusercontent.com/carlosmaroto-daweb/dashboard_goiko/main/bd/img/staffs/thumbnail/staffs_50.jpg,https://raw.githubusercontent.com/carlosmaroto-daweb/dashboard_goiko/main/bd/img/staffs/image/staffs_50.jpg,7
51,Aurora,Vargas Sánchez,aurora.vargas@gmail.com,611223361,https://raw.githubusercontent.com/carlosmaroto-daweb/dashboard_goiko/main/bd/img/staffs/thumbnail/staffs_51.jpg,https://raw.githubusercontent.com/carlosmaroto-daweb/dashboard_goiko/main/bd/img/staffs/image/staffs_51.jpg,7
52,Elena,López Rodríguez,elena.lopez@gmail.com,611223362,https://raw.githubusercontent.com/carlosmaroto-daweb/dashboard_goiko/main/bd/img/staffs/thumbnail/staffs_52.jpg,https://raw.githubusercontent.com/carlosmaroto-daweb/dashboard_goiko/main/bd/img/staffs/image/staffs_52.jpg,8
53,Claudia,Serrano Ruiz,claudia.serrano@gmail.com,611223363,https://raw.githubusercontent.com/carlosmaroto-daweb/dashboard_goiko/main/bd/img/staffs/thumbnail/staffs_53.jpg,https://raw.githubusercontent.com/carlosmaroto-daweb/dashboard_goiko/main/bd/img/staffs/image/staffs_53.jpg,8
54,Mario,Martínez Vázquez,mario.martinez@gmail.com,611223364,https://raw.githubusercontent.com/carlosmaroto-daweb/dashboard_goiko/main/bd/img/staffs/thumbnail/staffs_54.jpg,https://raw.githubusercontent.com/carlosmaroto-daweb/dashboard_goiko/main/bd/img/staffs/image/staffs_54.jpg,8
55,Marta,Rodríguez Martínez,marta.rodriguez@gmail.com,611223365,https://raw.githubusercontent.com/carlosmaroto-daweb/dashboard_goiko/main/bd/img/staffs/thumbnail/staffs_55.jpg,https://raw.githubusercontent.com/carlosmaroto-daweb/dashboard_goiko/main/bd/img/staffs/image/staffs_55.jpg,8
56,Laura,García Vázquez,laura.garcia@gmail.com,611223366,https://raw.githubusercontent.com/carlosmaroto-daweb/dashboard_goiko/main/bd/img/staffs/thumbnail/staffs_56.jpg,https://raw.githubusercontent.com/carlosmaroto-daweb/dashboard_goiko/main/bd/img/staffs/image/staffs_56.jpg,8
57,Beatriz,Sánchez Martínez,beatriz.sanchez@gmail.com,611223367,https://raw.githubusercontent.com/carlosmaroto-daweb/dashboard_goiko/main/bd/img/staffs/thumbnail/staffs_57.jpg,https://raw.githubusercontent.com/carlosmaroto-daweb/dashboard_goiko/main/bd/img/staffs/image/staffs_57.jpg,8
58,Marta,Vázquez López,marta.vazquez@gmail.com,611223368,https://raw.githubusercontent.com/carlosmaroto-daweb/dashboard_goiko/main/bd/img/staffs/thumbnail/staffs_58.jpg,https://raw.githubusercontent.com/carlosmaroto-daweb/dashboard_goiko/main/bd/img/staffs/image/staffs_58.jpg,8
59,Ana,Gómez Ruiz,ana.gomez@gmail.com,611223369,https://raw.githubusercontent.com/carlosmaroto-daweb/dashboard_goiko/main/bd/img/staffs/thumbnail/staffs_59.jpg,https://raw.githubusercontent.com/carlosmaroto-daweb/dashboard_goiko/main/bd/img/staffs/image/staffs_59.jpg,9
60,Alejandro,Martín Serrano,alejandro.martin@gmail.com,611223370,https://raw.githubusercontent.com/carlosmaroto-daweb/dashboard_goiko/main/bd/img/staffs/thumbnail/staffs_60.jpg,https://raw.githubusercontent.com/carlosmaroto-daweb/dashboard_goiko/main/bd/img/staffs/image/staffs_60.jpg,9
61,Laura,García Sánchez,laura.garcia@gmail.com,611223371,https://raw.githubusercontent.com/carlosmaroto-daweb/dashboard_goiko/main/bd/img/staffs/thumbnail/staffs_61.jpg,https://raw.githubusercontent.com/carlosmaroto-daweb/dashboard_goiko/main/bd/img/staffs/image/staffs_61.jpg,9
62,Javier,Martínez Rodríguez,javier.martinez@gmail.com,611223372,https://raw.githubusercontent.com/carlosmaroto-daweb/dashboard_goiko/main/bd/img/staffs/thumbnail/staffs_62.jpg,https://raw.githubusercontent.com/carlosmaroto-daweb/dashboard_goiko/main/bd/img/staffs/image/staffs_62.jpg,9
63,Marta,Rodríguez Vázquez,marta.rodriguez@gmail.com,611223373,https://raw.githubusercontent.com/carlosmaroto-daweb/dashboard_goiko/main/bd/img/staffs/thumbnail/staffs_63.jpg,https://raw.githubusercontent.com/carlosmaroto-daweb/dashboard_goiko/main/bd/img/staffs/image/staffs_63.jpg,9
64,Carlos,Serrano Martínez,carlos.serrano@gmail.com,611223374,https://raw.githubusercontent.com/carlosmaroto-daweb/dashboard_goiko/main/bd/img/staffs/thumbnail/staffs_64.jpg,https://raw.githubusercontent.com/carlosmaroto-daweb/dashboard_goiko/main/bd/img/staffs/image/staffs_64.jpg,9
65,Alejandro,Vázquez López,alejandro.vazquez@gmail.com,611223375,https://raw.githubusercontent.com/carlosmaroto-daweb/dashboard_goiko/main/bd/img/staffs/thumbnail/staffs_65.jpg,https://raw.githubusercontent.com/carlosmaroto-daweb/dashboard_goiko/main/bd/img/staffs/image/staffs_65.jpg,9
66,Sergio,López Martínez,sergio.lopez@gmail.com,611223376,https://raw.githubusercontent.com/carlosmaroto-daweb/dashboard_goiko/main/bd/img/staffs/thumbnail/staffs_66.jpg,https://raw.githubusercontent.com/carlosmaroto-daweb/dashboard_goiko/main/bd/img/staffs/image/staffs_66.jpg,9
67,Ana,Ruiz Serrano,ana.ruiz@gmail.com,611223377,https://raw.githubusercontent.com/carlosmaroto-daweb/dashboard_goiko/main/bd/img/staffs/thumbnail/staffs_67.jpg,https://raw.githubusercontent.com/carlosmaroto-daweb/dashboard_goiko/main/bd/img/staffs/image/staffs_67.jpg,10
68,Paula,Sánchez Vázquez,paula.sanchez@gmail.com,611223378,https://raw.githubusercontent.com/carlosmaroto-daweb/dashboard_goiko/main/bd/img/staffs/thumbnail/staffs_68.jpg,https://raw.githubusercontent.com/carlosmaroto-daweb/dashboard_goiko/main/bd/img/staffs/image/staffs_68.jpg,10
69,Francisco,Martín López,francisco.martin@gmail.com,611223379,https://raw.githubusercontent.com/carlosmaroto-daweb/dashboard_goiko/main/bd/img/staffs/thumbnail/staffs_69.jpg,https://raw.githubusercontent.com/carlosmaroto-daweb/dashboard_goiko/main/bd/img/staffs/image/staffs_69.jpg,10
70,Daniel,Rodríguez Vázquez,daniel.rodriguez@gmail.com,611223380,https://raw.githubusercontent.com/carlosmaroto-daweb/dashboard_goiko/main/bd/img/staffs/thumbnail/staffs_70.jpg,https://raw.githubusercontent.com/carlosmaroto-daweb/dashboard_goiko/main/bd/img/staffs/image/staffs_70.jpg,10
71,Elena,Gómez Serrano,elena.gomez@gmail.com,611223381,https://raw.githubusercontent.com/carlosmaroto-daweb/dashboard_goiko/main/bd/img/staffs/thumbnail/staffs_71.jpg,https://raw.githubusercontent.com/carlosmaroto-daweb/dashboard_goiko/main/bd/img/staffs/image/staffs_71.jpg,10
72,Luis,Serrano Martínez,luis.serrano@gmail.com,611223382,https://raw.githubusercontent.com/carlosmaroto-daweb/dashboard_goiko/main/bd/img/staffs/thumbnail/staffs_72.jpg,https://raw.githubusercontent.com/carlosmaroto-daweb/dashboard_goiko/main/bd/img/staffs/image/staffs_72.jpg,10
73,Adrián,López Sánchez,adrian.lopez@gmail.com,611223383,https://raw.githubusercontent.com/carlosmaroto-daweb/dashboard_goiko/main/bd/img/staffs/thumbnail/staffs_73.jpg,https://raw.githubusercontent.com/carlosmaroto-daweb/dashboard_goiko/main/bd/img/staffs/image/staffs_73.jpg,10
74,Isabel,Vázquez Martínez,isabel.vazquez@gmail.com,611223384,https://raw.githubusercontent.com/carlosmaroto-daweb/dashboard_goiko/main/bd/img/staffs/thumbnail/staffs_74.jpg,https://raw.githubusercontent.com/carlosmaroto-daweb/dashboard_goiko/main/bd/img/staffs/image/staffs_74.jpg,10
75,David,García Serrano,david.garcia@gmail.com,611223385,https://raw.githubusercontent.com/carlosmaroto-daweb/dashboard_goiko/main/bd/img/staffs/thumbnail/staffs_75.jpg,https://raw.githubusercontent.com/carlosmaroto-daweb/dashboard_goiko/main/bd/img/staffs/image/staffs_75.jpg,10